form	lemma	POS	morph
༄༅། །		PUNCT
ངོ་	ངོ་	PART
ར་	ལ་	PART
ཆེན་	ཆེན་	NO_POS
རྡོ་རྗེ་	རྡོ་རྗེ་	NOUN
འཆང་	འཆང་	NO_POS
ཀུན་དགའ་	ཀུན་དགའ་	PROPN
བཟང་པོ་	བཟང་པོ་	ADJ
འི་	གི་	PART
གསུང་གླེགས་	གསུང་གླེགས་	NO_POS
བམ་	གམ་	PART
བཞི་	བཞི་	NUM
འི་	གི་	PART
དཀར་ཆག་	དཀར་ཆག་	NOUN
བཞུགས་	བཞུགས་	VERB
སོ་	གོ་	PART
།།		PUNCT
		
༼		PUNCT
ཀ་	ཀ་	DET
༽		PUNCT
ཐོག་མ་	ཐོག་མ་	NOUN
ར་	ལ་	PART
ལམ་	གམ་	PART
འབྲས་	འབྲས་	NOUN
གསོལ་འདེབས་	གསོལ་འདེབས་	NOUN
།		PUNCT
རྩ་བ་	རྩ་བ་	NOUN
འི་	གི་	PART
བླ་མ་	བླ་མ་	NOUN
སྤྱི་	སྤྱི་	DET
ལ་	ལ་	PART
བསྟོད་པ་	བསྟོད་པ་	VERB
།		PUNCT
ཆོས་རྗེ་	ཆོས་རྗེ་	NOUN
ཡེ་ཤེས་	ཡེ་ཤེས་	NOUN
རྒྱལ་མཚན་	རྒྱལ་མཚན་	NOUN
ལ་	ལ་	PART
བསྟོད་པ་	བསྟོད་པ་	VERB
ལྔ་	ལྔ་	NUM
།		PUNCT
གྲུབ་ཆེན་	གྲུབ་ཆེན་	NOUN
བུདྡྷ་		NON_WORD
ཤྲཱི་		NON_WORD
ལ་	ལ་	PART
བསྟོད་པ་	བསྟོད་པ་	VERB
།		PUNCT
ས་བཟང་	ས་བཟང་	OTHER
འཕགས་པ་	འཕགས་པ་	VERB
ལ་	ལ་	PART
བསྟོད་པ་	བསྟོད་པ་	VERB
།		PUNCT
བཀྲ་ཤིས་	བཀྲ་ཤིས་	NOUN
རིན་ཆེན་	རིན་ཆེན་	OTHER
ལ་	ལ་	PART
བསྟོད་པ་	བསྟོད་པ་	VERB
།		PUNCT
ལོ་ཆེན་	ལོ་ཆེན་	NOUN
ལ་	ལ་	PART
བསྟོད་པ་	བསྟོད་པ་	VERB
།		PUNCT
སྡོམ་	སྡོམ་	NOUN
གསུམ་	གསུམ་	NUM
བླ་མ་	བླ་མ་	NOUN
བརྒྱུད་པ་	བརྒྱུད་པ་	VERB
ལ་	ལ་	PART
ཕྱག་	ཕྱག་	NOUN
འཚལ་བ་	འཚལ་བ་	VERB
།		PUNCT
རྗེ་ས་	རྗེ་ས་	NO_POS
ཆེན་	ཆེན་	NO_POS
ལ་	ལ་	PART
བསྟོད་པ་	བསྟོད་པ་	VERB
།		PUNCT
ལམ་	གམ་	PART
ཟབ་	ཟབ་	VERB
བརྒྱུད་པ་	བརྒྱུད་པ་	VERB
འི་	གི་	PART
གསོལ་འདེབས་	གསོལ་འདེབས་	NOUN
།		PUNCT
ལམ་	གམ་	PART
འབྲས་	འབྲས་	NOUN
བསམ་	བསམ་	NOUN
མི་	མི་	PART
ཁྱབ་	ཁྱབ་	VERB
།		PUNCT
ལྷན་ཅིག་	ལྷན་ཅིག་	OTHER
སྐྱེ་	སྐྱེ་	VERB
གྲུབ་	གྲུབ་	VERB
།		PUNCT
མཆོད་རྟེན་	མཆོད་རྟེན་	NOUN
དྲུང་	དྲུང་	NOUN
ཐོབ་	ཐོབ་	VERB
།		PUNCT
ཡི་གེ་	ཡི་གེ་	NOUN
མེད་པ་	མེད་པ་	VERB
།		PUNCT
པདྨ་པ་	པདྨ་པ་	NOUN
འི་	གི་	PART
ལམ་	གམ་	PART
།		PUNCT
གཏུམ་མོ་	གཏུམ་མོ་	NOUN
ལམ་	གམ་	PART
རྫོགས་	རྫོགས་	VERB
།		PUNCT
ཡོན་པོ་	ཡོན་པོ་	NO_POS
བསྲང་བ་	བསྲང་བ་	NO_POS
།		PUNCT
ཨིནྡྲ་		NON_WORD
བྷཱུ་		NON_WORD
ཏིའི་		NON_WORD
ལམ་	གམ་	PART
།		PUNCT
མ་	མ་	PART
༼		PUNCT
ཀ་	ཀ་	DET
༽		PUNCT
ཧཱ་		NON_WORD
མཱ་	མཱ་	NO_POS
ཡཱའི་		NON_WORD
བླ་མ་	བླ་མ་	NOUN
བརྒྱུད་པ་	བརྒྱུད་པ་	VERB
འི་	གི་	PART
གསོལ་འདེབས་	གསོལ་འདེབས་	NOUN
།		PUNCT
བདེ་མཆོག་	བདེ་མཆོག་	PROPN
རིམ་	རིམ་	NOUN
ལྔ་	ལྔ་	NUM
འི་	གི་	PART
བརྒྱུད་	བརྒྱུད་	NO_POS
འདེབས་	འདེབས་	VERB
།		PUNCT
རྩ་དབུ་མ་	རྩ་དབུ་མ་	NO_POS
འི་	གི་	PART
རིང་	རིང་	NOUN
བརྒྱུད་	བརྒྱུད་	NO_POS
།		PUNCT
རྩ་དབུ་མ་	རྩ་དབུ་མ་	NO_POS
འི་	གི་	PART
ཉེ་	ཉེ་	VERB
བརྒྱུད་	བརྒྱུད་	NO_POS
།		PUNCT
བདེ་མཆོག་	བདེ་མཆོག་	PROPN
དཀར་པོ་	དཀར་པོ་	ADJ
།		PUNCT
གསང་	གསང་	VERB
༼		PUNCT
ཁ་	ཁ་	PRON
༽		PUNCT
འདུ་	འདུ་	VERB
རིམ་	རིམ་	NOUN
ལྔ་	ལྔ་	NUM
འགོ་	འགོ་	PROPN
ལུགས་	ལུགས་	NOUN
།		PUNCT
རྭ་རྩེ་	རྭ་རྩེ་	NO_POS
སེམས་	སེམས་	NOUN
འཛིན་	འཛིན་	VERB
།		PUNCT
ཤིན་ཏུ་	ཤིན་ཏུ་	NO_POS
སྤྲོས་མེད་	སྤྲོས་མེད་	NOUN
།		PUNCT
སྤྱོད་འཇུག་	སྤྱོད་འཇུག་	PROPN
ཞེན་པ་	ཞེན་པ་	VERB
བཞི་	བཞི་	NUM
བྲལ་	བྲལ་	VERB
དེ་	སྟེ་	PART
རྣམས་	རྣམས་	DET
ཀྱི་	གི་	PART
བླ་མ་	བླ་མ་	NOUN
བརྒྱུད་པ་	བརྒྱུད་པ་	VERB
འི་	གི་	PART
གསོལ་འདེབས་	གསོལ་འདེབས་	NOUN
།		PUNCT
འཆི་བདག་	འཆི་བདག་	NOUN
འཇོམས་པ་	འཇོམས་པ་	VERB
འི་	གི་	PART
དཀྱིལ་འཁོར་	དཀྱིལ་འཁོར་	NOUN
བཅའ་	བཅའ་	VERB
བཞུགས་	བཞུགས་	VERB
།		PUNCT
		
༼		PUNCT
ཀ་	ཀ་	DET
༽		PUNCT
རྡོ་རྗེ་	རྡོ་རྗེ་	NOUN
རྣལ་འབྱོར་	རྣལ་འབྱོར་	NOUN
མ་	མ་	PART
།		PUNCT
ཤེ་	ཤེ་	VERB
ཕྱིན་	ཕྱིན་	VERB
དཀར་མོ་	དཀར་མོ་	ADJ
།		PUNCT
འཇམ་པ་	འཇམ་པ་	VERB
འི་	གི་	PART
རྡོ་རྗེ་	རྡོ་རྗེ་	NOUN
འི་	གི་	PART
དཀྱིལ་འཁོར་	དཀྱིལ་འཁོར་	NOUN
།		PUNCT
འདོད་རྒྱལ་	འདོད་རྒྱལ་	NO_POS
།		PUNCT
ཚོགས་བདག་	ཚོགས་བདག་	PROPN
གཙུག་ཏོར་	གཙུག་ཏོར་	PROPN
རྣམ་རྒྱལ་	རྣམ་རྒྱལ་	NOUN
།		PUNCT
ནོར་	ནོར་	NOUN
རྒྱུན་	རྒྱུན་	NOUN
མ་	མ་	PART
འི་	གི་	PART
དཀྱིལ་འཁོར་	དཀྱིལ་འཁོར་	NOUN
།		PUNCT
ས་སྐྱ་པ་	ས་སྐྱ་པ་	PROPN
འི་	གི་	PART
བཀའ་སྲུང་	བཀའ་སྲུང་	OTHER
རྣམས་	རྣམས་	DET
ལ་	ལ་	PART
བསྟོད་པ་	བསྟོད་པ་	VERB
།		PUNCT
ཡན་ལག་	ཡན་ལག་	NOUN
བདུན་པ་	བདུན་པ་	NUM
འི་	གི་	PART
ཆོ་ག་	ཆོ་ག་	NOUN
བཅའ་	བཅའ་	VERB
བཞུགས་	བཞུགས་	VERB
།		PUNCT
		
༼		PUNCT
ཀ་	ཀ་	DET
༽		PUNCT
ས་སྐྱ་	ས་སྐྱ་	PROPN
པཎྜི་ཏ་	པཎྜི་ཏ་	NOUN
འི་	གི་	PART
རྣམ་ཐར་	རྣམ་ཐར་	NOUN
།		PUNCT
གྲུབ་ཆེན་	གྲུབ་ཆེན་	NOUN
བུདྡྷ་		NON_WORD
ཤྲཱིའི་		NON_WORD
རྣམ་ཐར་	རྣམ་ཐར་	NOUN
།		PUNCT
		
༼		PUNCT
ཀ་	ཀ་	DET
༽		PUNCT
ས་བཟང་	ས་བཟང་	OTHER
འཕགས་པ་	འཕགས་པ་	VERB
འི་	གི་	PART
རྣམ་ཐར་	རྣམ་ཐར་	NOUN
།		PUNCT
		
༼		PUNCT
ཀ་	ཀ་	DET
༽		PUNCT
གསན་	གསན་	NO_POS
ཡིག་ཆེན་	ཡིག་ཆེན་	NO_POS
མོ་	གོ་	PART
།		PUNCT
		
༼		PUNCT
ཀ་	ཀ་	DET
༽		PUNCT
ལམ་	གམ་	PART
འབྲས་	འབྲས་	NOUN
ཆོས་འབྱུང་	ཆོས་འབྱུང་	NOUN
རྩོམ་འཕྲོ་	རྩོམ་འཕྲོ་	OTHER
།		PUNCT
བཤད་	བཤད་	VERB
ཐབས་	ཐབས་	NOUN
གསང་བ་	གསང་བ་	VERB
འི་	གི་	PART
སྒོ་	སྒོ་	NOUN
འབྱེད་	འབྱེད་	VERB
།		PUNCT
དབང་	དབང་	NOUN
བཞི་	བཞི་	NUM
འི་	གི་	PART
རྟོགས་	རྟོགས་	VERB
བསྐྱེད་	བསྐྱེད་	VERB
།		PUNCT
མངོན་རྟོགས་	མངོན་རྟོགས་	NOUN
ཚུལ་	ཚུལ་	NOUN
བཅུ་བཞི་	བཅུ་བཞི་	NO_POS
འི་	གི་	PART
སྡོམ་ཚིག་	སྡོམ་ཚིག་	OTHER
ཕྱི་	ཕྱི་	NOUN
ནང་	ནང་	NOUN
གི་	གི་	PART
བསྐྱེད་རིམ་	བསྐྱེད་རིམ་	NOUN
དབང་	དབང་	NOUN
དང་	དང་	NO_POS
བཅས་པ་	བཅས་པ་	VERB
འི་	གི་	PART
སྡོམ་ཚིག་	སྡོམ་ཚིག་	OTHER
ནང་	ནང་	NOUN
གི་	གི་	PART
བླ་མ་	བླ་མ་	NOUN
འི་	གི་	PART
རྣལ་འབྱོར་	རྣལ་འབྱོར་	NOUN
།		PUNCT
བིར་	བིར་	NO_POS
སྲུང་བ་	སྲུང་བ་	VERB
ར་	ལ་	PART
ཆད་	ཆད་	VERB
ཀུན་	ཀུན་	DET
སེལ་	སེལ་	VERB
།		PUNCT
སྐུ་	སྐུ་	NOUN
འི་	གི་	PART
རྣམ་འགྱུར་	རྣམ་འགྱུར་	NOUN
དྲུག་	དྲུག་	NUM
གི་	གི་	PART
ཟིན་བྲིས་	ཟིན་བྲིས་	OTHER
།		PUNCT
ཐུན་མོང་	ཐུན་མོང་	ADJ
མ་ཡིན་པ་	མ་ཡིན་པ་	OTHER
འི་	གི་	PART
བྱིན་རླབས་	བྱིན་རླབས་	NOUN
བྱ་	བྱ་	VERB
ཚུལ་	ཚུལ་	NOUN
།		PUNCT
ཡང་	ཀྱང་	PART
དེ་	དེ་	DET
འི་	གི་	PART
ཉམས་ལེན་	ཉམས་ལེན་	NOUN
།		PUNCT
ཡང་	ཀྱང་	PART
དེ་	སྟེ་	PART
དང་	དང་	NO_POS
ལམ་	གམ་	PART
འབྲས་	འབྲས་	NOUN
མཚན་	མཚན་	NOUN
མཚོན་	མཚོན་	NOUN
སྦྱོར་བ་	སྦྱོར་བ་	VERB
།		PUNCT
ཡང་	ཀྱང་	PART
བིར་	བིར་	NO_POS
སྲུང་	སྲུང་	VERB
གསར་མ་	གསར་མ་	OTHER
བཅའ་	བཅའ་	VERB
བཞུགས་	བཞུགས་	VERB
།		PUNCT
		
༼		PUNCT
ཀ་	ཀ་	DET
༽		PUNCT
ལུས་	ལུས་	NOUN
དཀྱིལ་	དཀྱིལ་	NOUN
རྩོད་	རྩོད་	VERB
སྤོང་	སྤོང་	VERB
ཆེ་ཆུང་	ཆེ་ཆུང་	ADJ
གཉིས་	གཉིས་	NUM
།		PUNCT
རྒྱུད་	རྒྱུད་	NOUN
གསུམ་	གསུམ་	NUM
གནོད་	གནོད་	VERB
འཇོམས་	འཇོམས་	NO_POS
ཀྱི་	གི་	PART
བསྟན་བཅོས་	བསྟན་བཅོས་	NOUN
།		PUNCT
རྒྱུད་	རྒྱུད་	NOUN
གསུམ་	གསུམ་	NUM
གནོད་	གནོད་	VERB
འཇོམས་	འཇོམས་	NO_POS
རྩ་འགྲེལ་	རྩ་འགྲེལ་	NOUN
།		PUNCT
ཟུང་འཇུག་	ཟུང་འཇུག་	NOUN
རྡོ་རྗེ་	རྡོ་རྗེ་	NOUN
འཆང་	འཆང་	NO_POS
གིས་	གིས་	PART
མཚམས་	མཚམས་	NOUN
བཤད་པ་	བཤད་པ་	VERB
རྣམས་	རྣམས་	DET
བཞུགས་	བཞུགས་	VERB
།		PUNCT
		
༼		PUNCT
ཁ་	ཁ་	PRON
༽		PUNCT
བསྐྱེད་རིམ་	བསྐྱེད་རིམ་	NOUN
གནད་	གནད་	NOUN
ཀྱི་	གི་	PART
ཟླ་ཟེར་	ཟླ་ཟེར་	OTHER
།		PUNCT
		
༼		PUNCT
ཁ་	ཁ་	PRON
༽		PUNCT
ཀྱེ་	ཀྱེ་	INTJ
རྡོ་རྗེ་	རྡོ་རྗེ་	NOUN
རྒྱུད་	རྒྱུད་	NOUN
གྱི་	གི་	PART
བྱུང་ཚུལ་	བྱུང་ཚུལ་	VERB
དང་	དང་	NO_POS
བླ་མ་	བླ་མ་	NOUN
བརྒྱུད་པ་	བརྒྱུད་པ་	VERB
འི་	གི་	PART
རྣམ་ཐར་	རྣམ་ཐར་	NOUN
།		PUNCT
བརྟག་	བརྟག་	VERB
གཉིས་	གཉིས་	NUM
ཀྱི་	གི་	PART
འགྱུར་	འགྱུར་	VERB
ཆད་	ཆད་	VERB
།		PUNCT
བརྟག་	བརྟག་	VERB
གཉིས་	གཉིས་	NUM
ཀྱི་	གི་	PART
འགྲེལ་པ་	འགྲེལ་པ་	NOUN
འི་	གི་	PART
དཀར་ཆག་	དཀར་ཆག་	NOUN
ཀྱེ་	ཀྱེ་	INTJ
རྡོ་རྗེ་	རྡོ་རྗེ་	NOUN
ཌོམྦི་		NON_WORD
ལུགས་	ལུགས་	NOUN
ཀྱིས་	གིས་	PART
སྒྲུབ་ཐབས་	སྒྲུབ་ཐབས་	NOUN
།		PUNCT
ཕྲིན་ཡིག་	ཕྲིན་ཡིག་	OTHER
དབང་པོ་	དབང་པོ་	NOUN
འི་	གི་	PART
རྡོ་རྗེ་	རྡོ་རྗེ་	NOUN
།		PUNCT
གཞལ་ཡས་	གཞལ་ཡས་	ADJ
ཁང་	ཁང་	NOUN
གི་	གི་	PART
ཚད་	ཚད་	NOUN
རྣམ་པ་	རྣམ་པ་	NOUN
ར་	ལ་	PART
གཞག་པ་	གཞག་པ་	VERB
།		PUNCT
འཕར་མ་	འཕར་མ་	NO_POS
གཉིས་	གཉིས་	NUM
ཀྱི་	གི་	PART
དོན་	དོན་	NOUN
བཤད་པ་	བཤད་པ་	VERB
།		PUNCT
མཚོ་སྐྱེས་	མཚོ་སྐྱེས་	OTHER
དང་	དང་	NO_POS
ཌོམྦི་		NON_WORD
ལུགས་	ལུགས་	NOUN
གཉིས་	གཉིས་	NUM
ཀྱི་	གི་	PART
ཐོ་ཡིག་	ཐོ་ཡིག་	OTHER
གཞལ་ཡས་	གཞལ་ཡས་	ADJ
ཁང་	ཁང་	NOUN
གི་	གི་	PART
ཚད་	ཚད་	NOUN
ལྷག་པོ་	ལྷག་པོ་	NOUN
གཅིག་	གཅིག་	NUM
སྒྲུབ་ཐབས་	སྒྲུབ་ཐབས་	NOUN
མཚོ་སྐྱེས་	མཚོ་སྐྱེས་	OTHER
ཀྱི་	གི་	PART
བསྡུས་དོན་	བསྡུས་དོན་	NOUN
།		PUNCT
བསྟོད་པ་	བསྟོད་པ་	VERB
ཉི་ཤུ་པ་	ཉི་ཤུ་པ་	NUM
འི་	གི་	PART
འགྲེལ་པ་	འགྲེལ་པ་	NOUN
།		PUNCT
མཚོ་སྐྱེས་	མཚོ་སྐྱེས་	OTHER
ལུགས་	ལུགས་	NOUN
ཀྱི་	གི་	PART
མཎྜལ་		NON_WORD
མཆོད་	མཆོད་	VERB
ཆོག་	ཆོག་	VERB
བཅའ་	བཅའ་	VERB
བཞུགས་	བཞུགས་	VERB
།		PUNCT
		
༼		PUNCT
ཁ་	ཁ་	PRON
༽		PUNCT
གཏོ་	གཏོ་	VERB
ཆོག་	ཆོག་	VERB
གི་	གི་	PART
འགྲེལ་པ་	འགྲེལ་པ་	NOUN
ཕྲིན་ལས་	ཕྲིན་ལས་	NOUN
རྒྱས་བྱེད་	རྒྱས་བྱེད་	OTHER
།		PUNCT
འདོད་རྒྱལ་	འདོད་རྒྱལ་	NO_POS
གྱི་	གི་	PART
སྒྲུབ་ཐབས་	སྒྲུབ་ཐབས་	NOUN
།		PUNCT
ཤེ་	ཤེ་	VERB
ཕྱིན་	ཕྱིན་	VERB
དཀར་མོ་	དཀར་མོ་	ADJ
འི་	གི་	PART
སྒྲུབ་ཐབས་	སྒྲུབ་ཐབས་	NOUN
།		PUNCT
གུ་	གུ་	NOUN
རིགས་	རིགས་	NOUN
བསྡུ་	བསྡུ་	VERB
ཀྱི་	གི་	PART
སྦྱིན་སྲེག་	སྦྱིན་སྲེག་	NOUN
ག་	ག་	NOUN
གྱི་	གི་	PART
ཤན་འབྱེད་	ཤན་འབྱེད་	OTHER
།		PUNCT
སངས་རྒྱས་	སངས་རྒྱས་	NOUN
ཀྱི་	གི་	PART
ག་	ག་	NOUN
།		PUNCT
ཕྱོགས་	ཕྱོགས་	NOUN
བཞི་	བཞི་	NUM
འི་	གི་	PART
གཏོར་མ་	གཏོར་མ་	NOUN
གཏོང་	གཏོང་	VERB
ཐབས་	ཐབས་	NOUN
།		PUNCT
ཆོས་སྐྱོང་	ཆོས་སྐྱོང་	NOUN
གི་	གི་	PART
མན་ངག་	མན་ངག་	NOUN
རྣམས་	རྣམས་	DET
ཀྱི་	གི་	PART
དཀར་ཆག་	དཀར་ཆག་	NOUN
མགོན་པོ་	མགོན་པོ་	NOUN
འི་	གི་	PART
སྒྲུབ་ཐབས་	སྒྲུབ་ཐབས་	NOUN
རྒྱུད་	རྒྱུད་	NOUN
འགྲེལ་	འགྲེལ་	NOUN
ལ་	ལ་	ADP
ས་	གིས་	PART
བྱུང་བ་	བྱུང་བ་	VERB
།		PUNCT
མན་ངག་	མན་ངག་	NOUN
གུ་	གུ་	NOUN
རྒྱན་	རྒྱན་	NOUN
ལ་	ལ་	ADP
ས་	གིས་	PART
བྱུང་བ་	བྱུང་བ་	VERB
།		PUNCT
ལྷ་	ལྷ་	NOUN
བརྒྱད་	བརྒྱད་	NUM
ཀྱི་	གི་	PART
རྗེས་གནང་	རྗེས་གནང་	NOUN
།		PUNCT
གཏོ་	གཏོ་	VERB
ཆོག་	ཆོག་	VERB
དགྲ་	དགྲ་	NOUN
ལ་	ལ་	ADP
ས་	གིས་	PART
རྣམ་རྒྱལ་	རྣམ་རྒྱལ་	NOUN
།		PUNCT
གཏོ་	གཏོ་	VERB
སྒྲུབ་	སྒྲུབ་	VERB
ཀྱི་	གི་	PART
མན་ངག་	མན་ངག་	NOUN
ཐུགས་དམ་	ཐུགས་དམ་	NOUN
བསྐང་བ་	བསྐང་བ་	VERB
འི་	གི་	PART
ཆོ་ག་	ཆོ་ག་	NOUN
ཀྱེ་	ཀྱེ་	INTJ
རྡོ་རྗེ་	རྡོ་རྗེ་	NOUN
ལྷ་	ལྷ་	NOUN
བཅུ་བདུན་	བཅུ་བདུན་	NO_POS
མ་	མ་	PART
འི་	གི་	PART
སྒྲུབ་ཐབས་	སྒྲུབ་ཐབས་	NOUN
བཅའ་	བཅའ་	VERB
བཞུགས་	བཞུགས་	VERB
།		PUNCT
		
༼		PUNCT
ཁ་	ཁ་	PRON
༽		PUNCT
སམྦུ་		NON_WORD
ཊ་	ཊ་	NO_POS
རྡོ་		
དབྱིངས་	དབྱིངས་	NOUN
ཀྱི་	གི་	PART
སྒྲུབ་ཐབས་	སྒྲུབ་ཐབས་	NOUN
།		PUNCT
གཏོ་	གཏོ་	VERB
ཆོག་	ཆོག་	VERB
མཆོད་	མཆོད་	VERB
ཕྲེང་	ཕྲེང་	OTHER
།		PUNCT
དཀྱིལ་ཆོག་	དཀྱིལ་ཆོག་	OTHER
སྦྱིན་སྲེག་	སྦྱིན་སྲེག་	NOUN
བཀྲ་ཤིས་	བཀྲ་ཤིས་	NOUN
རྣམས་	རྣམས་	DET
བཞུགས་	བཞུགས་	VERB
།		PUNCT
		
༼		PUNCT
ག་	ག་	PRON
༽		PUNCT
མཁའ་འགྲོ་	མཁའ་འགྲོ་	NOUN
རྒྱ་མཚོ་	རྒྱ་མཚོ་	NOUN
འི་	གི་	PART
དཀྱིལ་འཁོར་	དཀྱིལ་འཁོར་	NOUN
ཡོངས་རྫོགས་	ཡོངས་རྫོགས་	OTHER
ཀྱི་	གི་	PART
སྒྲུབ་ཐབས་	སྒྲུབ་ཐབས་	NOUN
།		PUNCT
གཙོ་བོ་	གཙོ་བོ་	ADJ
ཡབ་ཡུམ་	ཡབ་ཡུམ་	NOUN
གྱི་	གི་	PART
སྒྲུབ་ཐབས་	སྒྲུབ་ཐབས་	NOUN
།		PUNCT
སྔགས་	སྔགས་	NOUN
ཕྲེང་	ཕྲེང་	OTHER
མཚན་མ་	མཚན་མ་	NOUN
།		PUNCT
མཆོད་	མཆོད་	VERB
ཆོག་	ཆོག་	VERB
དཀྱིལ་ཆོག་	དཀྱིལ་ཆོག་	OTHER
ཡོན་ཏན་	ཡོན་ཏན་	NOUN
རིན་པོ་ཆེ་	རིན་པོ་ཆེ་	ADJ
འི་	གི་	PART
མཛོད་	མཛོད་	NOUN
།		PUNCT
ཚོགས་འཁོར་	ཚོགས་འཁོར་	NOUN
གསུང་བ་	གསུང་བ་	VERB
ཀུན་	ཀུན་	DET
རྒྱན་	རྒྱན་	NOUN
།		PUNCT
ཚོགས་འཁོར་	ཚོགས་འཁོར་	NOUN
ཀུན་བཟང་	ཀུན་བཟང་	ADJ
རྣམ་	རྣམ་	NOUN
རོལ་	རོལ་	VERB
བཅའ་	བཅའ་	VERB
བཞུགས་	བཞུགས་	VERB
།		PUNCT
		
༼		PUNCT
ག་	ག་	PRON
༽		PUNCT
བདེ་མཆོག་	བདེ་མཆོག་	PROPN
བླ་མ་	བླ་མ་	NOUN
མཆོད་	མཆོད་	VERB
ཆོག་	ཆོག་	VERB
བདེ་མཆོག་	བདེ་མཆོག་	PROPN
གི་	གི་	PART
ཕོ་བྲང་	ཕོ་བྲང་	NOUN
གི་	གི་	PART
རྣམ་གཞག་	རྣམ་གཞག་	NOUN
རིལ་བུ་	རིལ་བུ་	OTHER
ལ་	ལ་	PART
བརྟེན་	བརྟེན་	VERB
ན་	ནས་	PART
མཁའ་སྤྱོད་	མཁའ་སྤྱོད་	NOUN
སྒྲུབ་པ་	སྒྲུབ་པ་	VERB
།		PUNCT
ནཱ་	ནཱ་	NO_POS
རོ་	རོ་	NOUN
མཁའ་སྤྱོད་	མཁའ་སྤྱོད་	NOUN
ཀྱི་	གི་	PART
སྒྲུབ་ཐབས་	སྒྲུབ་ཐབས་	NOUN
།		PUNCT
བདེ་མཆོག་	བདེ་མཆོག་	PROPN
དཀར་པོ་	དཀར་པོ་	ADJ
འི་	གི་	PART
སྒྲུབ་ཐབས་	སྒྲུབ་ཐབས་	NOUN
བྱིན་རླབས་	བྱིན་རླབས་	NOUN
ཀྱི་	གི་	PART
ཆོ་ག་	ཆོ་ག་	NOUN
དང་	དང་	NO_POS
བཅས་པ་	བཅས་པ་	VERB
།		PUNCT
རྡོ་རྗེ་	རྡོ་རྗེ་	NOUN
ལྷ་མོ་	ལྷ་མོ་	NOUN
འི་	གི་	PART
ཚེ་སྒྲུབ་	ཚེ་སྒྲུབ་	NOUN
།		PUNCT
ལྷ་	ལྷ་	NOUN
བཅུ་གསུམ་	བཅུ་གསུམ་	NO_POS
གྱི་	གི་	PART
མངོན་རྟོགས་	མངོན་རྟོགས་	NOUN
ལ་	ལ་	PART
དགོས་པ་	དགོས་པ་	VERB
འི་	གི་	PART
ཟིན་བྲིས་	ཟིན་བྲིས་	OTHER
།		PUNCT
རྡོ་རྗེ་	རྡོ་རྗེ་	NOUN
མཁའ་འགྲོ་	མཁའ་འགྲོ་	NOUN
འི་	གི་	PART
སྒྲུབ་ཐབས་	སྒྲུབ་ཐབས་	NOUN
དང་	དང་	NO_POS
ནག་པོ་པ་	ནག་པོ་པ་	ADJ
འི་	གི་	PART
སྒྲུབ་ཐབས་	སྒྲུབ་ཐབས་	NOUN
མི་	མི་	PART
འདྲ་བ་	འདྲ་བ་	VERB
འི་	གི་	PART
ཁྱད་པར་	ཁྱད་པར་	NOUN
།		PUNCT
ཟ་བྱེད་	ཟ་བྱེད་	NO_POS
རྡོ་རྗེ་	རྡོ་རྗེ་	NOUN
མཁའ་འགྲོ་	མཁའ་འགྲོ་	NOUN
འི་	གི་	PART
སྦྱིན་སྲེག་	སྦྱིན་སྲེག་	NOUN
བཅའ་	བཅའ་	VERB
བཞུགས་	བཞུགས་	VERB
།		PUNCT
		
༼		PUNCT
ག་	ག་	PRON
༽		PUNCT
གསང་འདུས་	གསང་འདུས་	PROPN
མི་བསྐྱོད་པ་	མི་བསྐྱོད་པ་	NO_POS
འི་	གི་	PART
སྒྲུབ་ཐབས་	སྒྲུབ་ཐབས་	NOUN
།		PUNCT
ཤིན་ཏུ་	ཤིན་ཏུ་	NO_POS
རྣལ་འབྱོར་	རྣལ་འབྱོར་	NOUN
གྱི་	གི་	PART
ཁྱད་པར་	ཁྱད་པར་	NOUN
།		PUNCT
གཏོ་	གཏོ་	VERB
ཆོག་	ཆོག་	VERB
མཆོད་སྤྲིན་	མཆོད་སྤྲིན་	OTHER
།		PUNCT
རྡོ་རྗེ་	རྡོ་རྗེ་	NOUN
སེམས་དཔ་	སེམས་དཔའ་	NOUN
འི་	གི་	PART
མཆོད་	མཆོད་	VERB
ཆོག་	ཆོག་	VERB
དཀྱིལ་ཆོག་	དཀྱིལ་ཆོག་	OTHER
སྦྱིན་སྲེག་	སྦྱིན་སྲེག་	NOUN
རབ་གནས་	རབ་གནས་	NOUN
བཅའ་	བཅའ་	VERB
བཞུགས་	བཞུགས་	VERB
།		PUNCT
		
༼		PUNCT
ག་	ག་	PRON
༽		PUNCT
རྡོ་རྗེ་	རྡོ་རྗེ་	NOUN
ཕྲེང་བ་	ཕྲེང་བ་	NOUN
འི་	གི་	PART
ས་	ས་	ADP
བཟུང་བ་	བཟུང་བ་	VERB
འི་	གི་	PART
ཆོ་ག་	ཆོ་ག་	NOUN
དགྲ་ནག་	དགྲ་ནག་	PROPN
གི་	གི་	PART
རྒྱུད་	རྒྱུད་	NOUN
ན་	ནས་	PART
གསུངས་པ་	གསུངས་པ་	VERB
འི་	གི་	PART
ཆ་	ཆ་	NOUN
ར་	ལ་	PART
འབེབས་	འབེབས་	VERB
།		PUNCT
འཇིགས་བྱེད་	འཇིགས་བྱེད་	OTHER
ཀྱི་	གི་	PART
གཏོ་	གཏོ་	VERB
ཆོག་	ཆོག་	VERB
འཇིགས་བྱེད་	འཇིགས་བྱེད་	OTHER
ཀྱི་	གི་	PART
རྫོགས་རིམ་	རྫོགས་རིམ་	NOUN
།		PUNCT
གཤེད་	གཤེད་	NOUN
དམར་	དམར་	VERB
ལྷ་	ལྷ་	NOUN
ལྔ་	ལྔ་	NUM
འི་	གི་	PART
སྒྲུབ་ཐབས་	སྒྲུབ་ཐབས་	NOUN
།		PUNCT
དེ་དག་	དེ་དག་	OTHER
ལ་	ལ་	PART
ཚང་བ་	ཚང་བ་	VERB
།		PUNCT
སྒྲུབ་ཐབས་	སྒྲུབ་ཐབས་	NOUN
ཀྱི་	གི་	PART
ལུང་	ལུང་	NOUN
སྦྱོར་	སྦྱོར་	VERB
།		PUNCT
དཀྱིལ་ཆོག་	དཀྱིལ་ཆོག་	OTHER
སྤྲོས་མེད་	སྤྲོས་མེད་	NOUN
མཛེ་	མཛེ་	VERB
རྒྱན་	རྒྱན་	NOUN
།		PUNCT
འདི་	འདི་	DET
མན་ཆད་	མན་ཆད་	ADV
གསན་	གསན་	NO_POS
ཡིག་	ཡིག་	NOUN
ལ་	ལ་	PART
མེད་	མེད་	VERB
།		PUNCT
རྒྱུད་	རྒྱུད་	NOUN
གསུམ་	གསུམ་	NUM
ལམ་	གམ་	PART
གྱི་	གི་	PART
རིམ་པ་	རིམ་པ་	NOUN
འི་	གི་	PART
བསྡུས་དོན་	བསྡུས་དོན་	NOUN
།		PUNCT
དབང་	དབང་	NOUN
གི་	གི་	PART
རིམ་པ་	རིམ་པ་	NOUN
རབ་ཏུ་	རབ་ཏུ་	NO_POS
གསལ་བ་	གསལ་བ་	VERB
ར་	ལ་	PART
བྱེད་པ་	བྱེད་པ་	VERB
འི་	གི་	PART
སྒྲོན་མེ་	སྒྲོན་མེ་	NOUN
།		PUNCT
གསང་འདུས་	གསང་འདུས་	PROPN
རིམ་	རིམ་	NOUN
ལྔ་	ལྔ་	NUM
འི་	གི་	PART
ཁྲིད་ཡིག་	ཁྲིད་ཡིག་	NOUN
རྡོ་རྗེ་	རྡོ་རྗེ་	NOUN
ཕྲེང་བ་	ཕྲེང་བ་	NOUN
འི་	གི་	PART
ལུགས་	ལུགས་	NOUN
ཀྱི་	གི་	PART
ཐིག་རྩ་	ཐིག་རྩ་	OTHER
།		PUNCT
བླ་མ་	བླ་མ་	NOUN
དགེ་	དགེ་	NOUN
བཟང་བ་	བཟང་བ་	VERB
འི་	གི་	PART
དྲིས་ལན་	དྲིས་ལན་	NOUN
རྣམས་	རྣམས་	DET
བཞུགས་	བཞུགས་	VERB
།		PUNCT
		
༼		PUNCT
ཨ་	ཨ་	X
༽		PUNCT
དཔལ་	དཔལ་	OTHER
ཀུན་རིག་	ཀུན་རིག་	OTHER
དཀྱིལ་འཁོར་	དཀྱིལ་འཁོར་	NOUN
ཡོངས་རྫོགས་	ཡོངས་རྫོགས་	OTHER
ཀྱི་	གི་	PART
སྒྲུབ་ཐབས་	སྒྲུབ་ཐབས་	NOUN
།		PUNCT
གཞན་ཕན་	གཞན་ཕན་	OTHER
མཐའ་	མཐའ་	NOUN
ཡ་		
།		PUNCT
རྡུལ་	རྡུལ་	NOUN
མཚོན་	མཚོན་	NOUN
ཁ་སྐོང་	ཁ་སྐོང་	NOUN
།		PUNCT
ཆ་གསུམ་	ཆ་གསུམ་	NO_POS
གཏོར་མ་	གཏོར་མ་	NOUN
།		PUNCT
དཀྱིལ་འཁོར་	དཀྱིལ་འཁོར་	NOUN
སྒོ་	སྒོ་	NOUN
སྦྲག་	སྦྲག་	NO_POS
གི་	གི་	PART
བཤད་པ་	བཤད་པ་	VERB
བཅའ་	བཅའ་	VERB
བཞུགས་	བཞུགས་	VERB
།		PUNCT
		
༼		PUNCT
ཨ་	ཨ་	X
༽		PUNCT
སྤྱོད་	སྤྱོད་	VERB
རྒྱུད་	རྒྱུད་	NOUN
སྤྱི་	སྤྱི་	DET
འི་	གི་	PART
རྣམ་	རྣམ་	NOUN
བཞག་	བཞག་	VERB
བྱ་རྒྱུད་	བྱ་རྒྱུད་	NOUN
སྤྱི་	སྤྱི་	DET
འི་	གི་	PART
རྣམ་བཤད་	རྣམ་བཤད་	NOUN
།		PUNCT
		
༼		PUNCT
ཨ་	ཨ་	X
༽		PUNCT
མི་	མི་	PART
འཁྲུགས་པ་	འཁྲུགས་པ་	VERB
འི་	གི་	PART
སྒོ་	སྒོ་	NOUN
ན་	ནས་	PART
གཤིན་པོ་	གཤིན་པོ་	ADJ
རྗེས་འཛིན་	རྗེས་འཛིན་	NOUN
།		PUNCT
དྲི་མེད་	དྲི་མེད་	ADJ
ལྷ་	ལྷ་	NOUN
ཉི་ཤུ་	ཉི་ཤུ་	NUM
རྩ་	རྩ་	NUM
ལྔ་	ལྔ་	NUM
འི་	གི་	PART
སྒྲུབ་ཐབས་	སྒྲུབ་ཐབས་	NOUN
།		PUNCT
འོད་ཟེར་	འོད་ཟེར་	NOUN
དྲི་མེད་	དྲི་མེད་	ADJ
ཀྱི་	གི་	PART
དཀྱིལ་ཆོག་	དཀྱིལ་ཆོག་	OTHER
ཨ་ར་པ་	ཨ་ར་པ་	NO_POS
ཙ་ན་	ཙ་ན་	NO_POS
འི་	གི་	PART
རྗེས་གནང་	རྗེས་གནང་	NOUN
།		PUNCT
འོད་	འོད་	NOUN
དཔག་མེད་	དཔག་མེད་	ADJ
ཀྱི་	གི་	PART
ཚེ་སྒྲུབ་	ཚེ་སྒྲུབ་	NOUN
།		PUNCT
སེང་གེ་	སེང་གེ་	NOUN
སྒྲ་	སྒྲ་	NOUN
འི་	གི་	PART
སྒྲུབ་ཐབས་	སྒྲུབ་ཐབས་	NOUN
།		PUNCT
སྣ་ཚོགས་	སྣ་ཚོགས་	DET
ཡུམ་	ཡུམ་	NOUN
གྱི་	གི་	PART
སྒྲུབ་ཐབས་	སྒྲུབ་ཐབས་	NOUN
།		PUNCT
རྨ་བྱ་ཆེན་མོ་	རྨ་བྱ་ཆེན་མོ་	NO_POS
འི་	གི་	PART
སྒྲུབ་ཐབས་	སྒྲུབ་ཐབས་	NOUN
།		PUNCT
སོ་སོ་	སོ་སོ་	PRON
ར་	ལ་	PART
འབྲང་	འབྲང་	VERB
མ་	མ་	PART
འི་	གི་	PART
སྒྲུབ་ཐབས་	སྒྲུབ་ཐབས་	NOUN
།		PUNCT
རྟ་མགྲིན་	རྟ་མགྲིན་	PROPN
གྱི་	གི་	PART
སྒྲུབ་ཐབས་	སྒྲུབ་ཐབས་	NOUN
།		PUNCT
སྨན་བླ་	སྨན་བླ་	OTHER
འི་	གི་	PART
མཆོད་	མཆོད་	VERB
ཆོག་	ཆོག་	VERB
སེམས་	སེམས་	NOUN
སྐྱེད་	སྐྱེད་	VERB
རང་	རང་	PRON
གིས་	གིས་	PART
བླང་པ་	བླང་པ་	NO_POS
འི་	གི་	PART
ཆོ་ག་	ཆོ་ག་	NOUN
གསོ་སྦྱོང་	གསོ་སྦྱོང་	NOUN
རང་	རང་	PRON
གིས་	གིས་	PART
བླང་པ་	བླང་པ་	NO_POS
འི་	གི་	PART
ཆོ་ག་	ཆོ་ག་	NOUN
མཆོད་སྦྱིན་	མཆོད་སྦྱིན་	NOUN
ཆེན་པོ་	ཆེན་པོ་	ADJ
འི་	གི་	PART
ཟིན་བྲིས་	ཟིན་བྲིས་	OTHER
།		PUNCT
གཏོ་	གཏོ་	VERB
ཆེན་	ཆེན་	NO_POS
གྱི་	གི་	PART
ལྷན་ཐབས་	ལྷན་ཐབས་	OTHER
།		PUNCT
གསེར་སྐུ་	གསེར་སྐུ་	NO_POS
རྡོ་རྗེ་	རྡོ་རྗེ་	NOUN
འཆང་	འཆང་	NO_POS
བཞེངས་	བཞེངས་	NO_POS
ཚུལ་	ཚུལ་	NOUN
།		PUNCT
གནོད་སྦྱིན་	གནོད་སྦྱིན་	NOUN
གྱི་	གི་	PART
འཁོར་ལོ་	འཁོར་ལོ་	NOUN
འི་	གི་	PART
སྔགས་	སྔགས་	NOUN
ལ་	ལ་	PART
ཞུས་དག་	ཞུས་དག་	NOUN
མཛད་པ་	མཛད་པ་	VERB
།		PUNCT
རགས་	རགས་	VERB
སྡོམ་	སྡོམ་	NOUN
བཅུ་	བཅུ་	NUM
འི་	གི་	PART
འབྲུ་འགྲེལ་	འབྲུ་འགྲེལ་	NOUN
།		PUNCT
བཀའ་འགྱུར་	བཀའ་འགྱུར་	NOUN
རོ་	རོ་	NOUN
འཚལ་	འཚལ་	VERB
གྱི་	གི་	PART
དཀར་ཆག་	དཀར་ཆག་	NOUN
བསྟན་འགྱུར་	བསྟན་འགྱུར་	NOUN
དཀར་ཆག་	དཀར་ཆག་	NOUN
རྡོ་རྗེ་	རྡོ་རྗེ་	NOUN
ཐེག་པ་	ཐེག་པ་	NOUN
འི་	གི་	PART
བསྟན་འགྱུར་	བསྟན་འགྱུར་	NOUN
གྱི་	གི་	PART
དཀར་ཆག་	དཀར་ཆག་	NOUN
བསྟན་བཅོས་	བསྟན་བཅོས་	NOUN
འགྱུར་	འགྱུར་	VERB
རོ་	རོ་	NOUN
འཚལ་	འཚལ་	VERB
གྱི་	གི་	PART
དཀར་ཆག་	དཀར་ཆག་	NOUN
ཐུབ་བསྟན་	ཐུབ་བསྟན་	NOUN
རྒྱས་པ་	རྒྱས་པ་	VERB
འི་	གི་	PART
ཉི་འོད་	ཉི་འོད་	NOUN
།		PUNCT
རྗེ་བཙུན་	རྗེ་བཙུན་	NOUN
གོང་མ་	གོང་མ་	ADJ
གསུམ་	གསུམ་	NUM
གྱི་	གི་	PART
བཀའ་འབུམ་	བཀའ་འབུམ་	NOUN
གྱི་	གི་	PART
དཀར་ཆག་	དཀར་ཆག་	NOUN
བཅའ་	བཅའ་	VERB
བཞུགས་	བཞུགས་	VERB
།		PUNCT
		
༼		PUNCT
ཨ་	ཨ་	X
༽		PUNCT
རང་	རང་	PRON
གི་	གི་	PART
གྲྭ་པ་	གྲྭ་པ་	NOUN
སྤྱི་	སྤྱི་	DET
ལ་	ལ་	PART
གདམས་པ་	གདམས་པ་	VERB
།		PUNCT
ས་བཟང་	ས་བཟང་	OTHER
བསོད་ནམས་	བསོད་ནམས་	NOUN
དཔལ་	དཔལ་	OTHER
གྱི་	གི་	PART
དྲིས་ལན་	དྲིས་ལན་	NOUN
།		PUNCT
ལོཙྪ་བ་	ལོཙྪ་བ་	NOUN
རྡོ་རྗེ་	རྡོ་རྗེ་	NOUN
དཔལ་	དཔལ་	OTHER
།		PUNCT
དགེ་འདུན་	དགེ་འདུན་	NOUN
མགོན་	མགོན་	NOUN
།		PUNCT
ཨ་	ཨ་	X
མོ་	གོ་	PART
གྷ་		NON_WORD
།		PUNCT
ཆེན་པོ་	ཆེན་པོ་	ADJ
ཆོ་	ཆོ་	NOUN
རིན་	རིན་	NOUN
།		PUNCT
གླིང་	གླིང་	NOUN
འོད་ཟེར་	འོད་ཟེར་	NOUN
རྒྱལ་མཚན་	རྒྱལ་མཚན་	NOUN
།		PUNCT
བསམ་	བསམ་	NOUN
འགྲུབ་	འགྲུབ་	VERB
རྒྱལ་མཚན་	རྒྱལ་མཚན་	NOUN
།		PUNCT
སློབ་དཔོན་	སློབ་དཔོན་	NOUN
བསམ་	བསམ་	NOUN
བཟང་	བཟང་	VERB
།		PUNCT
དབུ་མ་པ་	དབུ་མ་པ་	NOUN
ཤེས་རབ་	ཤེས་རབ་	NOUN
རྒྱ་མཚོ་	རྒྱ་མཚོ་	NOUN
དེ་	སྟེ་	PART
རྣམས་	རྣམས་	DET
ཀྱི་	གི་	PART
དྲིས་ལན་	དྲིས་ལན་	NOUN
།		PUNCT
རཏྣ་		NON_WORD
ཤྲཱི་		NON_WORD
ལ་	ལ་	PART
སྤྲིངས་པ་	སྤྲིངས་པ་	VERB
།		PUNCT
གསང་སྔགས་པ་	གསང་སྔགས་པ་	NOUN
ཀུན་དགའ་	ཀུན་དགའ་	PROPN
གཞོན་ནུ་	གཞོན་ནུ་	ADJ
ལ་	ལ་	PART
སྤྲིངས་པ་	སྤྲིངས་པ་	VERB
།		PUNCT
བླ་མ་	བླ་མ་	NOUN
སངས་རྒྱས་	སངས་རྒྱས་	NOUN
རྒྱལ་མཚན་	རྒྱལ་མཚན་	NOUN
ལ་	ལ་	PART
སྤྲིངས་པ་	སྤྲིངས་པ་	VERB
གཉིས་	གཉིས་	NUM
།		PUNCT
བསོད་ནམས་	བསོད་ནམས་	NOUN
རིན་ཆེན་	རིན་ཆེན་	OTHER
ལ་	ལ་	PART
སྤྲིངས་པ་	སྤྲིངས་པ་	VERB
ཤླཽ་ཀ་	ཤླཽ་ཀ་	NO_POS
གཅིག་	གཅིག་	NUM
རྒྱལ་རོང་པ་	རྒྱལ་རོང་པ་	PROPN
བཀྲ་ཤིས་དཔལ་	བཀྲ་ཤིས་དཔལ་	NO_POS
།		PUNCT
སྒྲུབ་པ་པོ་	སྒྲུབ་པ་པོ་	VERB
བློ་བཟང་	བློ་བཟང་	PROPN
ལ་	ལ་	PART
།		PUNCT
ཉག་	ཉག་	NOUN
རེ་	རེ་	DET
སངས་རྒྱས་	སངས་རྒྱས་	NOUN
གྲག་	གྲག་	VERB
།		PUNCT
དབོན་པོ་	དབོན་པོ་	NOUN
རྒྱལ་མཚན་	རྒྱལ་མཚན་	NOUN
དཔལ་	དཔལ་	OTHER
ཡུམ་སྲས་	ཡུམ་སྲས་	NOUN
།		PUNCT
ཡ་	ཡ་	NOUN
ཚེ་	ཚེ་	NOUN
རྒྱལ་པོ་	རྒྱལ་པོ་	NOUN
ཧསྟི་		NON_WORD
རཱ་	རཱ་	NO_POS
ཛ་	ཛ་	OTHER
ཡབ་ཡུམ་	ཡབ་ཡུམ་	NOUN
སྲ་	སྲ་	NOUN
བཅའ་	བཅའ་	VERB
།		PUNCT
དེ་	དེ་	DET
འི་	གི་	PART
བློན་པོ་	བློན་པོ་	NOUN
ལ་	ལ་	PART
།		PUNCT
ཐར་པ་	ཐར་པ་	VERB
ཡེ་ཤེས་	ཡེ་ཤེས་	NOUN
ཏེ་	སྟེ་	PART
དེ་	སྟེ་	PART
རྣམས་	རྣམས་	DET
ལ་	ལ་	PART
གདམས་པ་	གདམས་པ་	VERB
རེ་རེ་	རེ་རེ་	DET
།		PUNCT
སློབ་དཔོན་	སློབ་དཔོན་	NOUN
བཟོད་པ་	བཟོད་པ་	VERB
ལ་	ལ་	PART
བསྟོད་པ་	བསྟོད་པ་	VERB
།		PUNCT
ཕྱི་	ཕྱི་	NOUN
འི་	གི་	PART
གཏམ་	གཏམ་	NOUN
།		PUNCT
ནང་	ནང་	NOUN
གི་	གི་	PART
ཡ་		
གཏམ་	གཏམ་	NOUN
།		PUNCT
གསེར་འོད་	གསེར་འོད་	PROPN
དམ་པ་	དམ་པ་	VERB
ལ་	ལ་	ADP
ས་	གིས་	PART
བཏུས་པ་	བཏུས་པ་	VERB
འི་	གི་	PART
སྨོན་ལམ་	སྨོན་ལམ་	NOUN
།		PUNCT
དྲིལ་བུ་པ་	དྲིལ་བུ་པ་	NOUN
འི་	གི་	PART
ལུས་	ལུས་	NOUN
དཀྱིལ་	དཀྱིལ་	NOUN
གྱི་	གི་	PART
འདི་	འདི་	DET
གསན་	གསན་	NO_POS
ཡིག་	ཡིག་	NOUN
ལ་	ལ་	PART
མེད་	མེད་	VERB
།		PUNCT
བཤད་པ་	བཤད་པ་	VERB
རྣམས་	རྣམས་	DET
བཞུགས་	བཞུགས་	VERB
།། །།		PUNCT
དགེ་	དགེ་	NOUN
འོ་	གོ་	PART
།། །། ༈		PUNCT
འདི་བཞིན་	འདི་བཞིན་	NO_POS
བདེར་གཤེགས་	བདེར་གཤེགས་	OTHER
བཀའ་དྲིན་	བཀའ་དྲིན་	NOUN
གསུམ་	གསུམ་	NUM
ལྡན་	ལྡན་	VERB
གྱི་	གི་	PART
རྩ་	རྩ་	NUM
བླ་	བླ་	NOUN
གསང་	གསང་	VERB
ཆེན་	ཆེན་	NO_POS
སློབ་བཤད་	སློབ་བཤད་	OTHER
མཛོད་འཛིན་	མཛོད་འཛིན་	OTHER
དྲང་སྲོང་	དྲང་སྲོང་	NOUN
ཆེན་པོ་	ཆེན་པོ་	ADJ
		
ལྕེ་	ལྕེ་	NOUN
བཙུན་	བཙུན་	VERB
		
བཅོ་བརྒྱད་	བཅོ་བརྒྱད་	NO_POS
		
ཁྲི་ཆེན་	ཁྲི་ཆེན་	PROPN
རྡོ་རྗེ་	རྡོ་རྗེ་	NOUN
འཆང་	འཆང་	NO_POS
ངག་དབང་	ངག་དབང་	PROPN
མཁྱེན་རབ་	མཁྱེན་རབ་	NOUN
ལེགས་བཤད་	ལེགས་བཤད་	NOUN
རྒྱ་མཚོ་	རྒྱ་མཚོ་	NOUN
མཆོག་	མཆོག་	ADJ
གི་	གི་	PART
ཐུགས་དགོངས་	ཐུགས་དགོངས་	NOUN
རྫོགས་	རྫོགས་	VERB
ཆེད་	ཆེད་	NOUN
དང་	དང་	NO_POS
།		PUNCT
		
དཔལ་	དཔལ་	OTHER
ས་སྐྱ་པ་	ས་སྐྱ་པ་	PROPN
ཆེན་པོ་	ཆེན་པོ་	ADJ
འཁོན་	འཁོན་	VERB
བརྒྱུད་	བརྒྱུད་	NO_POS
ཀྱི་	གི་	PART
བཀའ་དྲིན་	བཀའ་དྲིན་	NOUN
བསམ་བཞིན་	བསམ་བཞིན་	NO_POS
དུ་	ལ་	PART
།		PUNCT
བལ་ཡུལ་	བལ་ཡུལ་	PROPN
མཆོད་རྟེན་	མཆོད་རྟེན་	NOUN
ཉེ་འདབས་	ཉེ་འདབས་	NO_POS
ན་	ནས་	PART
རྒྱལ་	རྒྱལ་	VERB
ཡོངས་	ཡོངས་	DET
ས་	ས་	ADP
ཆེན་	ཆེན་	NO_POS
ཞེས་་	ཞེས་པ་	PART
ལ་	ལ་	ADP
ས་	གིས་	PART
།		PUNCT
སློབ་བུ་	སློབ་བུ་	OTHER
ཐ་ཤལ་པ་	ཐ་ཤལ་པ་	ADJ
གུ་རུ་	གུ་རུ་	PROPN
ས་	གིས་	PART
སོ་	སོ་	PART
ར་	ལ་	PART
ཕྱག་བཅས་	ཕྱག་བཅས་	NO_POS
ཕུལ་བ་	ཕུལ་བ་	VERB
ས་	གིས་	PART
དགེ་བ་	དགེ་བ་	VERB
གང་	གང་	NO_POS
ཐོབ་	ཐོབ་	VERB
འབྲེལ་	འབྲེལ་	VERB
ཚད་	ཚད་	NOUN
དོན་ལྡན་	དོན་ལྡན་	ADJ
དུ་	ལ་	PART
འགྱུར་བ་	འགྱུར་བ་	VERB
འི་	གི་	PART
རྒྱུ་	རྒྱུ་	NOUN
རུ་	ལ་	PART
བསྔོ་	བསྔོ་	VERB
འོ་	གོ་	PART
།། །།		PUNCT
དགེ་	དགེ་	NOUN
འོ་	གོ་	PART
"།།

།།"		PUNCT
